14:03:51	26
14:03:52	485
14:03:53	1074
14:03:54	1682
14:03:55	2206
14:03:56	2520
14:03:57	2943
14:03:58	2605
14:03:59	2843
14:04:00	3125
14:04:01	3031
14:04:02	3070
14:04:03	3014
14:04:04	3099
14:04:05	3054
14:04:06	3115
14:04:07	2925
14:04:08	3028
14:04:09	2994
14:04:10	2961
14:04:11	3023
14:04:12	2789
14:04:13	2971
14:04:14	2932
14:04:15	2904
14:04:16	2898
14:04:17	3037
14:04:18	2964
14:04:19	2871
14:04:20	3033
14:04:21	2866
14:04:22	2861
14:04:23	2850
14:04:24	2934
14:04:25	2889
14:04:26	3000
14:04:27	2620
14:04:28	758
