07:20:15	36
07:20:16	512
07:20:17	1097
07:20:18	1720
07:20:19	1777
07:20:20	2193
07:20:21	2363
07:20:22	2708
07:20:23	3128
07:20:24	2694
07:20:25	2957
07:20:26	2993
07:20:27	2805
07:20:28	2971
07:20:29	2917
07:20:30	3073
07:20:31	2954
07:20:32	3054
07:20:33	2982
07:20:34	2969
07:20:35	2840
07:20:36	2745
07:20:37	2914
07:20:38	2965
07:20:39	2942
07:20:40	2636
07:20:41	2915
07:20:42	2859
07:20:43	2858
07:20:44	2841
07:20:45	2747
07:20:46	2661
07:20:47	2744
07:20:48	2715
07:20:49	2818
07:20:50	2846
07:20:51	2822
07:20:52	2687
07:20:53	1542
