08:18:33	3
08:18:34	364
08:18:35	911
08:18:36	1108
08:18:37	1108
08:18:38	1067
08:18:39	1145
08:18:40	1218
08:18:41	1150
08:18:42	1169
08:18:43	1152
08:18:44	1169
08:18:45	1116
08:18:46	1146
08:18:47	1138
08:18:48	1148
08:18:49	1163
08:18:50	1132
08:18:51	1120
08:18:52	1125
08:18:53	1102
08:18:54	1124
08:18:55	1084
08:18:56	1127
08:18:57	1054
08:18:58	1092
08:18:59	1107
08:19:00	1087
08:19:01	1068
08:19:02	1021
08:19:03	1080
08:19:04	1071
08:19:05	1128
08:19:06	1112
08:19:07	1117
08:19:08	1074
08:19:09	1111
08:19:10	1124
08:19:11	1095
08:19:12	1116
08:19:13	1119
08:19:14	1087
08:19:15	1127
08:19:16	1113
08:19:17	1115
08:19:18	1133
08:19:19	1107
08:19:20	1120
08:19:21	1098
08:19:22	1129
08:19:23	1139
08:19:24	1111
08:19:25	1120
08:19:26	1102
08:19:27	1149
08:19:28	1144
08:19:29	1133
08:19:30	1136
08:19:31	1147
08:19:32	1158
08:19:33	1147
08:19:34	1132
08:19:35	1143
08:19:36	1134
08:19:37	1155
08:19:38	1159
08:19:39	1145
08:19:40	1145
08:19:41	1120
08:19:42	1158
08:19:43	1148
08:19:44	1155
08:19:45	1125
08:19:46	1127
08:19:47	1123
08:19:48	1098
08:19:49	1114
08:19:50	1104
08:19:51	1113
08:19:52	1145
08:19:53	1145
08:19:54	1124
08:19:55	1150
08:19:56	1151
08:19:57	1163
08:19:58	1158
08:19:59	1181
08:20:00	1141
08:20:01	1134
08:20:02	1166
08:20:03	764
