time,perf_pct,total_pct,java,mysqld,top_other
10:18:19,136.0,40.7,0.0,0.0,msmpeng:1
10:18:24,133.0,31.0,28.4,0.2,
10:18:29,105.1,4.2,2.3,0.0,
10:18:34,65.9,2.2,0.2,0.1,
10:18:39,61.8,1.4,0.0,0.0,
10:18:44,121.5,18.4,15.2,0.0,system:1
10:18:49,125.9,99.7,82.0,12.9,system:2
10:18:55,121.7,99.8,67.6,26.9,system:2
10:19:02,118.1,100.0,47.5,44.4,system:4
10:19:09,116.5,100.0,40.0,56.6,system:4
10:19:17,113.5,100.0,35.0,55.2,system:4
10:19:24,111.5,99.9,36.4,55.5,system:5
10:19:30,120.4,69.7,19.1,44.7,system:1
10:19:35,119.3,62.8,17.9,40.4,
10:19:40,119.1,67.0,19.2,42.7,
10:19:45,119.3,41.8,11.1,25.9,
10:19:50,115.3,6.4,0.7,0.4,
10:19:55,70.3,2.3,0.1,0.2,
10:20:00,69.1,2.0,0.0,0.4,
10:20:05,63.1,1.7,0.0,0.0,
10:20:10,66.1,1.5,0.0,0.1,
10:20:16,61.9,1.6,0.0,0.0,
10:20:21,65.2,2.7,0.6,0.0,
10:20:26,122.9,90.1,35.9,48.4,system:2
10:20:32,125.8,76.5,20.8,50.4,
10:20:37,123.4,78.8,20.7,52.4,system:1
10:20:42,121.3,61.4,18.1,38.7,system:1
10:20:47,116.6,80.0,25.7,51.7,system:2
10:20:53,112.6,98.1,31.8,60.0,system:2
10:20:59,112.9,97.1,30.6,60.2,system:2
10:21:06,112.2,97.2,32.1,51.3,system:3
10:21:14,111.8,99.8,38.3,58.5,system:4
10:21:22,111.6,100.0,36.4,55.6,system:3
10:21:30,113.8,93.8,30.8,54.4,system:3 dwm:1
10:21:35,117.7,88.1,23.5,57.9,system:1
10:21:40,116.8,88.7,24.8,58.7,system:2
10:21:46,119.9,82.7,23.6,53.6,system:1
10:21:51,119.9,75.1,21.6,48.3,
10:21:56,119.9,78.9,20.7,52.2,
10:22:01,120.2,71.5,20.0,43.7,
10:22:06,119.6,75.4,19.5,47.3,sdxhelper:4
10:22:12,120.4,71.1,18.8,44.2,sdxhelper:3 system:1
10:22:17,122.3,61.5,16.3,40.8,
10:22:22,120.0,70.1,19.3,45.5,system:1
10:22:30,116.5,82.5,23.7,50.5,system:2
10:22:35,120.3,77.9,20.0,53.0,system:1
10:22:41,117.8,84.1,22.4,56.8,system:1
10:22:46,118.6,79.5,22.7,52.1,system:1
10:22:52,112.5,95.5,32.5,57.3,system:3
10:22:57,114.0,92.7,27.3,58.8,system:2
10:23:04,112.7,94.6,30.8,56.3,system:2
10:23:09,110.7,99.4,37.6,54.4,system:3
10:23:17,110.5,100.0,35.8,54.6,system:4
10:23:24,108.9,37.0,13.3,19.6,system:1
10:23:29,69.1,2.5,0.2,0.0,
10:23:34,70.1,2.3,0.1,0.0,
10:23:39,66.9,1.9,0.0,0.1,
10:23:44,67.8,1.8,0.1,0.1,
10:23:49,67.5,2.1,0.3,0.1,
10:23:54,68.5,1.8,0.1,0.1,
10:23:59,126.5,10.0,0.0,0.2,msmpeng:2 system:1
