time,insert_queued,insert_active,stats_queued,stats_active,order_rejected,order_failed,stats_rejected,stats_failed,hikari_active,hikari_pending,tomcat_busy,process_cpu,system_cpu,tomcat_conn
09:23:23,0.0,0.0,0.0,0.0,0.0,0.0,0.0,0.0,0.0,0.0,50.0,0.4572577955866662,0.6306631410131809,38.0
09:23:30,0.0,0.0,0.0,0.0,0.0,0.0,0.0,0.0,20.0,3.0,43.0,0.5054382919231516,0.9975663323946982,47.0
09:23:36,0.0,0.0,0.0,0.0,0.0,0.0,0.0,0.0,20.0,10.0,34.0,0.32939938738031627,0.9957564692555354,48.0
09:23:43,0.0,0.0,0.0,0.0,0.0,0.0,0.0,0.0,20.0,23.0,46.0,0.3044545362601263,0.9943633133263341,44.0
09:23:49,0.0,0.0,0.0,0.0,0.0,0.0,0.0,0.0,20.0,20.0,40.0,0.28632760315638534,0.997537488681313,49.0
09:23:55,0.0,0.0,0.0,0.0,0.0,0.0,0.0,0.0,20.0,17.0,46.0,0.2910060843286891,0.9929425089865301,49.0
09:24:01,0.0,0.0,0.0,0.0,0.0,0.0,0.0,0.0,20.0,17.0,45.0,0.29616335109877684,0.9942107460782368,50.0
09:24:08,0.0,0.0,0.0,0.0,0.0,0.0,0.0,0.0,20.0,24.0,40.0,0.3144890790339507,0.99100835154117,47.0
09:24:14,0.0,0.0,0.0,0.0,0.0,0.0,0.0,0.0,16.0,11.0,33.0,0.2866860257457812,0.9891310524328696,49.0
09:24:21,0.0,0.0,0.0,0.0,0.0,0.0,0.0,0.0,20.0,21.0,46.0,0.26939764359972496,0.9927756569852125,50.0
09:24:27,0.0,0.0,0.0,0.0,0.0,0.0,0.0,0.0,20.0,21.0,35.0,0.27953722204577525,0.9978094154773716,47.0
09:24:33,0.0,0.0,0.0,0.0,0.0,0.0,0.0,0.0,20.0,22.0,42.0,0.29598145819146243,0.9975357971009555,48.0
09:24:39,0.0,0.0,0.0,0.0,0.0,0.0,0.0,0.0,20.0,20.0,48.0,0.27799508973064685,0.9957000366122293,49.0
09:24:46,0.0,0.0,0.0,0.0,0.0,0.0,0.0,0.0,20.0,19.0,46.0,0.29831987588495285,0.9969226106828198,42.0
09:24:52,0.0,0.0,0.0,0.0,0.0,0.0,0.0,0.0,20.0,25.0,39.0,0.2883139672036584,0.9941318501143074,46.0
09:24:58,0.0,0.0,0.0,0.0,0.0,0.0,0.0,0.0,20.0,17.0,44.0,0.29119991584451854,0.9965804414602262,45.0
09:25:05,0.0,0.0,0.0,0.0,0.0,0.0,0.0,0.0,20.0,16.0,44.0,0.2928589341241229,0.9968914252536365,49.0
09:25:11,0.0,0.0,0.0,0.0,0.0,0.0,0.0,0.0,20.0,21.0,45.0,0.2960975065592736,0.9945170651926396,46.0
09:25:17,0.0,0.0,0.0,0.0,0.0,0.0,0.0,0.0,20.0,14.0,41.0,0.30344760426361034,0.997887583497064,47.0
09:25:24,0.0,0.0,0.0,0.0,0.0,0.0,0.0,0.0,20.0,19.0,47.0,0.2882800001358103,0.9966243230624204,46.0
09:25:30,0.0,0.0,0.0,0.0,0.0,0.0,0.0,0.0,16.0,2.0,35.0,0.2876871957469395,0.9950777488858701,38.0
09:25:37,0.0,0.0,0.0,0.0,0.0,0.0,0.0,0.0,20.0,21.0,40.0,0.3054680100983249,0.9962352948206282,42.0
09:25:43,0.0,0.0,0.0,0.0,0.0,0.0,0.0,0.0,20.0,25.0,47.0,0.29841918131180734,0.9942997654113086,45.0
09:25:49,0.0,0.0,0.0,0.0,0.0,0.0,0.0,0.0,20.0,25.0,38.0,0.2817892806825739,0.992240265970108,36.0
09:25:55,0.0,0.0,0.0,0.0,0.0,0.0,0.0,0.0,20.0,23.0,48.0,0.2944028939720714,0.9898240264887822,46.0
09:26:02,0.0,0.0,0.0,0.0,0.0,0.0,0.0,0.0,20.0,23.0,42.0,0.2885213864052127,0.9917127524174099,44.0
09:26:08,0.0,0.0,0.0,0.0,0.0,0.0,0.0,0.0,20.0,22.0,45.0,0.2790340800544882,0.9944359324916399,48.0
09:26:14,0.0,0.0,0.0,0.0,0.0,0.0,0.0,0.0,19.0,19.0,42.0,0.28576541570367764,0.9975295435366448,41.0
09:26:21,0.0,0.0,0.0,0.0,0.0,0.0,0.0,0.0,20.0,27.0,50.0,0.29316877231631455,0.996622088201163,44.0
09:26:27,0.0,0.0,0.0,0.0,0.0,0.0,0.0,0.0,20.0,19.0,32.0,0.27933560415456293,0.9947444186663605,50.0
09:26:33,0.0,0.0,0.0,0.0,0.0,0.0,0.0,0.0,20.0,26.0,50.0,0.27696514710928155,0.9941642099915687,52.0
09:26:40,0.0,0.0,0.0,0.0,0.0,0.0,0.0,0.0,20.0,16.0,43.0,0.296972044290019,0.9969109898905153,46.0
09:26:46,0.0,0.0,0.0,0.0,0.0,0.0,0.0,0.0,20.0,18.0,22.0,0.2918521758242558,0.9959794889425733,52.0
09:26:52,0.0,0.0,0.0,0.0,0.0,0.0,0.0,0.0,20.0,18.0,42.0,0.2812435585081891,0.9880285818219972,47.0
09:26:59,0.0,0.0,0.0,0.0,0.0,0.0,0.0,0.0,20.0,17.0,42.0,0.29705402757908966,0.9963292451369644,45.0
09:27:05,0.0,0.0,0.0,0.0,0.0,0.0,0.0,0.0,18.0,25.0,46.0,0.29308595208909904,0.9978440711420256,46.0
09:27:11,0.0,0.0,0.0,0.0,0.0,0.0,0.0,0.0,20.0,23.0,50.0,0.29130104063803025,0.9968821350535353,40.0
09:27:18,0.0,0.0,0.0,0.0,0.0,0.0,0.0,0.0,20.0,20.0,36.0,0.29760642290456757,0.9966081989186413,48.0
09:27:24,0.0,0.0,0.0,0.0,0.0,0.0,0.0,0.0,20.0,20.0,46.0,0.2815052616303357,0.9962766326213339,52.0
09:27:30,0.0,0.0,0.0,0.0,0.0,0.0,0.0,0.0,20.0,22.0,44.0,0.28337142352832884,0.9972505264215588,48.0
09:27:37,0.0,0.0,0.0,0.0,0.0,0.0,0.0,0.0,19.0,13.0,46.0,0.2964436877390512,0.9831552967610382,49.0
09:27:43,0.0,0.0,0.0,0.0,0.0,0.0,0.0,0.0,20.0,23.0,46.0,0.30596323860422875,0.9978297423525833,46.0
09:27:49,0.0,0.0,0.0,0.0,0.0,0.0,0.0,0.0,20.0,22.0,47.0,0.2771168625569268,0.9935640466462532,46.0
09:27:56,0.0,0.0,0.0,0.0,0.0,0.0,0.0,0.0,20.0,23.0,44.0,0.29224946269369234,0.9953206276040037,50.0
09:28:02,0.0,0.0,0.0,0.0,0.0,0.0,0.0,0.0,19.0,23.0,37.0,0.2853882409248273,0.9984539921165108,46.0
09:28:08,0.0,0.0,0.0,0.0,0.0,0.0,0.0,0.0,19.0,26.0,33.0,0.27837837093144174,0.9960436107514199,47.0
09:28:15,0.0,0.0,0.0,0.0,0.0,0.0,0.0,0.0,20.0,23.0,36.0,0.27070896832075847,0.9966167614146904,46.0
09:28:21,0.0,0.0,0.0,0.0,0.0,0.0,0.0,0.0,20.0,18.0,46.0,0.2878700837944152,0.9968930221086789,46.0
09:28:27,0.0,0.0,0.0,0.0,0.0,0.0,0.0,0.0,20.0,17.0,48.0,0.2821447617496342,0.9956666794450691,42.0
09:28:34,0.0,0.0,0.0,0.0,0.0,0.0,0.0,0.0,20.0,21.0,42.0,0.27940839447682125,0.9935222382028717,42.0
09:28:40,0.0,0.0,0.0,0.0,0.0,0.0,0.0,0.0,20.0,17.0,40.0,0.2890134751367436,0.9987615203378176,48.0
09:28:46,0.0,0.0,0.0,0.0,0.0,0.0,0.0,0.0,20.0,13.0,39.0,0.29506930045913976,0.9950598386333044,50.0
09:28:53,0.0,0.0,0.0,0.0,0.0,0.0,0.0,0.0,20.0,19.0,50.0,0.2982090742569041,0.9959968257265176,48.0
09:28:59,0.0,0.0,0.0,0.0,0.0,0.0,0.0,0.0,20.0,23.0,40.0,0.2982808079755467,0.9963076508624934,45.0
09:29:05,0.0,0.0,0.0,0.0,0.0,0.0,0.0,0.0,19.0,16.0,31.0,0.2855349783354092,0.9912379967565167,50.0
09:29:12,0.0,0.0,0.0,0.0,0.0,0.0,0.0,0.0,20.0,19.0,36.0,0.2791404806797036,0.9947060658038359,52.0
09:29:18,0.0,0.0,0.0,0.0,0.0,0.0,0.0,0.0,20.0,8.0,44.0,0.29675279713663594,0.9914007759059262,48.0
09:29:24,0.0,0.0,0.0,0.0,0.0,0.0,0.0,0.0,19.0,20.0,36.0,0.2876908840523323,0.9984375831949311,40.0
09:29:31,0.0,0.0,0.0,0.0,0.0,0.0,0.0,0.0,20.0,25.0,39.0,0.2859403678352533,0.9981678982351557,46.0
09:29:37,0.0,0.0,0.0,0.0,0.0,0.0,0.0,0.0,20.0,21.0,38.0,0.2941572348354559,0.9978316875083589,45.0
09:29:43,0.0,0.0,0.0,0.0,0.0,0.0,0.0,0.0,20.0,16.0,42.0,0.294252394085241,0.9966578888362094,48.0
09:29:50,0.0,0.0,0.0,0.0,0.0,0.0,0.0,0.0,20.0,21.0,48.0,0.28830652776050464,0.995026409526681,41.0
09:29:56,0.0,0.0,0.0,0.0,0.0,0.0,0.0,0.0,20.0,16.0,45.0,0.2909808500801521,0.9921101565190628,39.0
09:30:02,0.0,0.0,0.0,0.0,0.0,0.0,0.0,0.0,20.0,24.0,47.0,0.2799007297832362,0.9950295130021817,51.0
09:30:08,0.0,0.0,0.0,0.0,0.0,0.0,0.0,0.0,20.0,23.0,44.0,0.2933650936450499,0.9950551561334846,50.0
09:30:15,0.0,0.0,0.0,0.0,0.0,0.0,0.0,0.0,20.0,13.0,45.0,0.3027127193741516,0.9935668758759445,49.0
09:30:21,0.0,0.0,0.0,0.0,0.0,0.0,0.0,0.0,20.0,14.0,38.0,0.2863497704084729,0.9925529165916331,48.0
09:30:27,0.0,0.0,0.0,0.0,0.0,0.0,0.0,0.0,20.0,19.0,47.0,0.28670231597662255,0.9935380635182285,52.0
09:30:34,0.0,0.0,0.0,0.0,0.0,0.0,0.0,0.0,20.0,29.0,39.0,0.2830356479250668,0.9984596805043268,45.0
09:30:40,0.0,0.0,0.0,0.0,0.0,0.0,0.0,0.0,20.0,23.0,43.0,0.288274219812323,0.9940924345280234,43.0
09:30:46,0.0,0.0,0.0,0.0,0.0,0.0,0.0,0.0,20.0,15.0,47.0,0.30187601588540436,0.9956792761230271,49.0
09:30:53,0.0,0.0,0.0,0.0,0.0,0.0,0.0,0.0,20.0,28.0,32.0,0.2663611260534958,0.9870699448219582,45.0
09:30:59,0.0,0.0,0.0,0.0,0.0,0.0,0.0,0.0,13.0,0.0,46.0,0.28584690690292325,0.9959691547715692,49.0
09:31:05,0.0,0.0,0.0,0.0,0.0,0.0,0.0,0.0,20.0,26.0,39.0,0.27948073607054164,0.9938177456378806,48.0
09:31:12,0.0,0.0,0.0,0.0,0.0,0.0,0.0,0.0,20.0,16.0,38.0,0.2922825561949815,0.9962803742850462,51.0
09:31:18,0.0,0.0,0.0,0.0,0.0,0.0,0.0,0.0,20.0,20.0,46.0,0.2745630243212228,0.9962566524377136,41.0
09:31:24,0.0,0.0,0.0,0.0,0.0,0.0,0.0,0.0,20.0,23.0,41.0,0.2883379383970227,0.9990695566028229,44.0
09:31:30,0.0,0.0,0.0,0.0,0.0,0.0,0.0,0.0,20.0,28.0,49.0,0.2738012490986402,0.9981554154849964,40.0
09:31:37,0.0,0.0,0.0,0.0,0.0,0.0,0.0,0.0,20.0,25.0,41.0,0.2538094484846995,0.9911455025210194,45.0
09:31:43,0.0,0.0,0.0,0.0,0.0,0.0,0.0,0.0,20.0,28.0,46.0,0.28987573424023166,0.9972286915410444,35.0
09:31:50,0.0,0.0,0.0,0.0,0.0,0.0,0.0,0.0,20.0,27.0,49.0,0.27307350845855893,0.9959682664474633,47.0
09:31:56,0.0,0.0,0.0,0.0,0.0,0.0,0.0,0.0,20.0,22.0,50.0,0.2993553783793248,0.9981307884395517,43.0
09:32:02,0.0,0.0,0.0,0.0,0.0,0.0,0.0,0.0,20.0,4.0,48.0,0.288448788239753,0.9972265665455207,40.0
09:32:08,0.0,0.0,0.0,0.0,0.0,0.0,0.0,0.0,20.0,22.0,43.0,0.28097467387952013,0.9947156598740793,52.0
09:32:15,0.0,0.0,0.0,0.0,0.0,0.0,0.0,0.0,20.0,19.0,38.0,0.260797717700631,0.9966257059411012,45.0
09:32:21,0.0,0.0,0.0,0.0,0.0,0.0,0.0,0.0,19.0,21.0,41.0,0.28663006948269304,0.9981507007802206,48.0
09:32:27,0.0,0.0,0.0,0.0,0.0,0.0,0.0,0.0,20.0,15.0,40.0,0.2999971045248406,0.994728925871582,49.0
09:32:34,0.0,0.0,0.0,0.0,0.0,0.0,0.0,0.0,20.0,14.0,51.0,0.2738066801242905,0.9892695943737647,48.0
09:32:40,0.0,0.0,0.0,0.0,0.0,0.0,0.0,0.0,20.0,24.0,44.0,0.2780627790220494,0.9969230073620363,43.0
09:32:46,0.0,0.0,0.0,0.0,0.0,0.0,0.0,0.0,20.0,13.0,48.0,0.28434687072619236,0.9944430268667306,37.0
09:32:53,0.0,0.0,0.0,0.0,0.0,0.0,0.0,0.0,20.0,25.0,43.0,0.28247258337176445,0.9928865291350344,50.0
09:32:59,0.0,0.0,0.0,0.0,0.0,0.0,0.0,0.0,20.0,17.0,35.0,0.29342994767352726,0.9963173408113115,50.0
09:33:06,0.0,0.0,0.0,0.0,0.0,0.0,0.0,0.0,20.0,24.0,49.0,0.28173578991046905,0.9929686530161635,50.0
09:33:12,0.0,0.0,0.0,0.0,0.0,0.0,0.0,0.0,20.0,12.0,43.0,0.28813354652855294,0.9943926608602056,43.0
09:33:18,0.0,0.0,0.0,0.0,0.0,0.0,0.0,0.0,20.0,14.0,42.0,0.27975954451872875,0.9959900855272908,49.0
09:33:25,0.0,0.0,0.0,0.0,0.0,0.0,0.0,0.0,20.0,15.0,48.0,0.29586190849269656,0.9948102293708216,27.0
09:33:31,0.0,0.0,0.0,0.0,0.0,0.0,0.0,0.0,20.0,23.0,45.0,0.2916823748135181,0.9965905922474075,50.0
09:33:37,0.0,0.0,0.0,0.0,0.0,0.0,0.0,0.0,20.0,24.0,42.0,0.2961238218410252,0.9935352954308644,48.0
09:33:44,0.0,0.0,0.0,0.0,0.0,0.0,0.0,0.0,20.0,23.0,41.0,0.2849005027636069,0.9975127730049992,46.0
09:33:50,0.0,0.0,0.0,0.0,0.0,0.0,0.0,0.0,20.0,24.0,38.0,0.28577513407389155,0.992587362616353,47.0
09:33:56,0.0,0.0,0.0,0.0,0.0,0.0,0.0,0.0,20.0,12.0,44.0,0.2712461764544455,0.9969165530171865,42.0
09:34:02,0.0,0.0,0.0,0.0,0.0,0.0,0.0,0.0,20.0,23.0,47.0,0.2908563395899641,0.9950712525751523,51.0
09:34:09,0.0,0.0,0.0,0.0,0.0,0.0,0.0,0.0,18.0,18.0,42.0,0.30365466213827036,0.9975290590171246,41.0
09:34:15,0.0,0.0,0.0,0.0,0.0,0.0,0.0,0.0,20.0,21.0,41.0,0.29785244917550224,0.9895078259965256,47.0
09:34:21,0.0,0.0,0.0,0.0,0.0,0.0,0.0,0.0,20.0,22.0,45.0,0.26542750893782324,0.9960114137341979,43.0
09:34:28,0.0,0.0,0.0,0.0,0.0,0.0,0.0,0.0,20.0,21.0,45.0,0.27910231158112814,0.9950778510701067,46.0
09:34:34,0.0,0.0,0.0,0.0,0.0,0.0,0.0,0.0,20.0,21.0,47.0,0.27937829704176037,0.9947883601546055,50.0
09:34:41,0.0,0.0,0.0,0.0,0.0,0.0,0.0,0.0,20.0,26.0,32.0,0.2871317312058471,0.9947495211441079,44.0
09:34:47,0.0,0.0,0.0,0.0,0.0,0.0,0.0,0.0,19.0,11.0,51.0,0.29422874295556434,0.992275654356078,48.0
09:34:53,0.0,0.0,0.0,0.0,0.0,0.0,0.0,0.0,20.0,27.0,44.0,0.2952770412055607,0.9956821875400544,45.0
09:35:00,0.0,0.0,0.0,0.0,0.0,0.0,0.0,0.0,20.0,19.0,37.0,0.29398415003570205,0.9935316020106797,48.0
09:35:06,0.0,0.0,0.0,0.0,0.0,0.0,0.0,0.0,20.0,20.0,47.0,0.28701689296929334,0.9929430591166919,45.0
09:35:12,0.0,0.0,0.0,0.0,0.0,0.0,0.0,0.0,20.0,20.0,43.0,0.2794578505603747,0.9959806105689778,43.0
09:35:19,0.0,0.0,0.0,0.0,0.0,0.0,0.0,0.0,20.0,23.0,47.0,0.27382018729581126,0.9932474976266971,42.0
09:35:25,0.0,0.0,0.0,0.0,0.0,0.0,0.0,0.0,20.0,23.0,44.0,0.28548710720164255,0.9954666273050599,44.0
09:35:31,0.0,0.0,0.0,0.0,0.0,0.0,0.0,0.0,20.0,17.0,39.0,0.28862688290105853,0.9962869123685337,52.0
09:35:38,0.0,0.0,0.0,0.0,0.0,0.0,0.0,0.0,20.0,16.0,48.0,0.29124973208707466,0.9923315014217322,32.0
09:35:44,0.0,0.0,0.0,0.0,0.0,0.0,0.0,0.0,20.0,21.0,45.0,0.29263291668596153,0.9959896132965044,45.0
09:35:50,0.0,0.0,0.0,0.0,0.0,0.0,0.0,0.0,20.0,24.0,44.0,0.2900139761379416,0.9996934240165765,52.0
09:35:57,0.0,0.0,0.0,0.0,0.0,0.0,0.0,0.0,20.0,17.0,40.0,0.28588357311039925,0.9909870845525994,46.0
09:36:03,0.0,0.0,0.0,0.0,0.0,0.0,0.0,0.0,20.0,22.0,39.0,0.2792927574754328,0.9959819929885733,49.0
09:36:09,0.0,0.0,0.0,0.0,0.0,0.0,0.0,0.0,20.0,19.0,39.0,0.28966319322686507,0.996909981716854,52.0
09:36:16,0.0,0.0,0.0,0.0,0.0,0.0,0.0,0.0,20.0,5.0,41.0,0.2872520701358111,0.9941795540158198,43.0
09:36:22,0.0,0.0,0.0,0.0,0.0,0.0,0.0,0.0,19.0,14.0,51.0,0.28804632541872544,0.9978437755035303,38.0
09:36:28,0.0,0.0,0.0,0.0,0.0,0.0,0.0,0.0,20.0,29.0,43.0,0.2907510047612745,0.9917369382269527,41.0
09:36:35,0.0,0.0,0.0,0.0,0.0,0.0,0.0,0.0,20.0,18.0,39.0,0.30095134813101854,0.9929389715597514,47.0
09:36:41,0.0,0.0,0.0,0.0,0.0,0.0,0.0,0.0,20.0,21.0,31.0,0.2908043944429024,0.994781480682303,41.0
09:36:47,0.0,0.0,0.0,0.0,0.0,0.0,0.0,0.0,20.0,18.0,42.0,0.2957326991297796,0.9950812900631876,48.0
09:36:54,0.0,0.0,0.0,0.0,0.0,0.0,0.0,0.0,20.0,17.0,30.0,0.2834621474145243,0.9935901952899687,41.0
09:37:00,0.0,0.0,0.0,0.0,0.0,0.0,0.0,0.0,20.0,27.0,43.0,0.275434778572179,0.9935534175746747,43.0
09:37:07,0.0,0.0,0.0,0.0,0.0,0.0,0.0,0.0,20.0,19.0,37.0,0.2793534764397283,0.9969313679206153,52.0
09:37:13,0.0,0.0,0.0,0.0,0.0,0.0,0.0,0.0,20.0,15.0,43.0,0.2857407749211724,0.9947425065335083,45.0
09:37:19,0.0,0.0,0.0,0.0,0.0,0.0,0.0,0.0,20.0,6.0,45.0,0.2843250666412218,0.9938496684355269,43.0
09:37:26,0.0,0.0,0.0,0.0,0.0,0.0,0.0,0.0,20.0,17.0,46.0,0.29777853108856245,0.997245179106534,36.0
09:37:32,0.0,0.0,0.0,0.0,0.0,0.0,0.0,0.0,20.0,24.0,38.0,0.2652800819836299,0.9868654686583149,38.0
09:37:38,0.0,0.0,0.0,0.0,0.0,0.0,0.0,0.0,20.0,23.0,43.0,0.2974429780844834,0.9947539718481753,49.0
09:37:45,0.0,0.0,0.0,0.0,0.0,0.0,0.0,0.0,20.0,19.0,44.0,0.2847901087789952,0.9913529028085882,42.0
09:37:51,0.0,0.0,0.0,0.0,0.0,0.0,0.0,0.0,20.0,25.0,39.0,0.295100471360032,0.9987813554132443,48.0
09:37:57,0.0,0.0,0.0,0.0,0.0,0.0,0.0,0.0,20.0,19.0,46.0,0.2937274830782719,0.99418098583879,45.0
09:38:04,0.0,0.0,0.0,0.0,0.0,0.0,0.0,0.0,20.0,21.0,40.0,0.28860559416233383,0.9925357797695317,42.0
09:38:10,0.0,0.0,0.0,0.0,0.0,0.0,0.0,0.0,20.0,20.0,41.0,0.29098680496997414,0.9952887367797646,45.0
09:38:16,0.0,0.0,0.0,0.0,0.0,0.0,0.0,0.0,20.0,27.0,41.0,0.27368785386739786,0.9922276578271414,49.0
09:38:23,0.0,0.0,0.0,0.0,0.0,0.0,0.0,0.0,19.0,21.0,45.0,0.2809819684841853,0.9802689423520472,15.0
09:38:29,0.0,0.0,0.0,0.0,0.0,0.0,0.0,0.0,0.0,0.0,1.0,0.0015327306012072757,0.02487589776179666,2.0
09:38:35,0.0,0.0,0.0,0.0,0.0,0.0,0.0,0.0,0.0,0.0,1.0,0.001641825163686974,0.019151714876393666,2.0
09:38:41,0.0,0.0,0.0,0.0,0.0,0.0,0.0,0.0,0.0,0.0,1.0,9.886866657129716E-4,0.022082600055194357,2.0
09:38:47,0.0,0.0,0.0,0.0,0.0,0.0,0.0,0.0,0.0,0.0,1.0,0.00132743601159485,0.019048864481398198,2.0
09:38:52,0.0,0.0,0.0,0.0,0.0,0.0,0.0,0.0,0.0,0.0,1.0,9.873743811232166E-4,0.03841312673861741,2.0
