10:20:46	99
10:20:47	655
10:20:48	1197
10:20:49	1754
10:20:50	1616
10:20:51	1726
10:20:52	1834
10:20:53	1933
10:20:54	1975
10:20:55	1914
10:20:56	1865
10:20:57	1719
10:20:58	1760
10:20:59	1874
10:21:00	1932
10:21:01	1917
10:21:02	1874
10:21:03	1903
10:21:04	1679
10:21:05	1833
10:21:06	1856
10:21:07	1676
10:21:08	1810
10:21:09	1812
10:21:10	1852
10:21:11	1829
10:21:12	1820
10:21:13	1890
10:21:14	1853
10:21:15	1813
10:21:16	1845
10:21:17	1845
10:21:18	1818
10:21:19	1872
10:21:20	1711
10:21:21	1853
10:21:22	1857
10:21:23	1821
10:21:24	1721
10:21:25	1682
10:21:26	1627
10:21:27	1682
10:21:28	1853
10:21:29	1831
10:21:30	1798
10:21:31	1846
10:21:32	1724
10:21:33	1742
10:21:34	1914
10:21:35	1870
10:21:36	1823
10:21:37	1837
10:21:38	1613
10:21:39	1766
10:21:40	1671
10:21:41	1729
10:21:42	1921
10:21:43	458
