phase,name,value
before,Com_begin,0
before,Com_commit,22909761
before,Com_insert,38895168
before,Com_rollback,1208499
before,Com_select,44776214
before,Com_set_option,96474388
before,Handler_commit,140807220
before,Innodb_data_fsyncs,20386449
before,Innodb_os_log_fsyncs,20089616
before,Questions,204264530
after,Com_begin,0
after,Com_commit,23400963
after,Com_insert,39877572
after,Com_rollback,1208499
after,Com_select,45758619
after,Com_set_option,98439196
after,Handler_commit,144245634
after,Innodb_data_fsyncs,20545637
after,Innodb_os_log_fsyncs,20241610
after,Questions,208685351
