time,perf_pct,total_pct,java,mysqld,tcp_passive,tcp_fail,tcp_reset,tcp_retx_s,top_other
09:16:20,47.6,2.1,0.0,0.0,7432898,287,238552,0.0,
09:16:25,43.2,1.8,0.0,0.0,7432898,287,238552,0.0,
09:16:31,44.0,2.4,0.0,0.0,7432898,287,238552,0.0,
09:16:36,44.3,1.7,0.0,0.1,7432898,287,238552,0.0,
09:16:41,44.2,2.4,0.0,0.1,7432898,287,238552,0.0,
09:16:46,47.2,1.7,0.0,0.0,7432898,287,238552,0.0,
09:16:51,52.0,2.1,0.0,0.1,7432898,287,238552,0.0,
09:16:56,44.3,1.8,0.0,0.0,7432898,287,238552,0.0,
09:17:01,46.4,2.1,0.0,0.2,7432898,287,238552,0.0,
09:17:06,42.8,1.8,0.0,0.0,7432898,287,238552,0.0,
09:17:11,44.0,1.9,0.0,0.0,7432898,287,238552,0.0,
09:17:16,43.3,2.3,0.0,0.3,7432898,287,238552,0.0,
09:17:21,42.9,1.8,0.0,0.0,7432898,287,238552,0.0,
09:17:26,44.5,2.7,0.0,0.2,7432898,287,238552,0.0,
09:17:31,42.3,2.0,0.0,0.2,7432898,287,238552,0.0,
09:17:37,45.3,1.7,0.0,0.1,7432898,287,238552,0.0,
09:17:42,45.8,2.1,0.0,0.1,7432898,287,238552,0.0,
09:17:47,45.6,2.3,0.0,0.0,7432898,287,238552,0.0,
09:17:52,45.7,2.1,0.0,0.0,7432898,287,238552,0.0,
09:17:57,45.1,1.8,0.0,0.1,7432898,287,238552,0.0,
09:18:02,44.5,1.9,0.0,0.2,7432898,287,238552,0.0,
09:18:07,44.0,1.5,0.0,0.3,7432898,287,238552,0.0,
09:18:12,41.5,1.6,0.0,0.1,7432898,287,238552,0.0,
09:18:17,44.1,2.1,0.0,0.2,7432898,287,238552,0.0,
09:18:22,43.7,2.2,0.0,0.2,7432898,287,238552,0.0,
09:18:27,45.1,1.8,0.0,0.3,7432898,287,238552,0.0,
09:18:32,45.0,2.2,0.0,0.0,7432898,287,238552,0.0,
09:18:37,43.9,1.9,0.0,0.1,7432898,287,238552,0.0,
09:18:43,44.9,1.6,0.0,0.1,7432898,287,238552,0.0,
09:18:48,51.7,2.5,0.0,0.0,7432898,287,238552,0.0,
09:18:53,51.6,2.8,0.0,0.1,7432898,287,238552,0.0,
09:18:58,49.0,2.1,0.0,0.1,7432898,287,238552,0.0,
09:19:03,48.4,1.7,0.0,0.0,7432898,287,238552,0.0,
09:19:08,46.1,1.7,0.0,0.1,7432898,287,238552,0.0,
09:19:13,43.7,2.1,0.0,0.0,7432898,287,238552,0.0,
09:19:18,44.2,2.7,0.0,0.0,7432898,287,238552,0.0,
09:19:23,44.9,1.8,0.0,0.0,7432898,287,238552,0.0,
09:19:28,47.6,2.2,0.0,0.2,7432898,287,238552,0.0,
09:19:33,45.1,1.7,0.0,0.0,7432898,287,238552,0.0,
09:19:38,46.2,1.4,0.0,0.0,7432898,287,238552,0.0,
09:19:43,44.6,2.0,0.0,0.0,7432898,287,238552,0.0,
09:19:49,54.7,1.7,0.0,0.1,7432898,287,238552,0.0,
09:19:54,43.6,1.9,0.0,0.0,7432898,287,238552,0.0,
09:19:59,43.1,2.0,0.0,0.1,7432898,287,238552,0.0,
09:20:04,47.3,2.0,0.0,0.0,7432898,287,238552,0.0,
09:20:09,47.7,1.5,0.0,0.1,7432898,287,238552,0.0,
09:20:14,42.5,2.0,0.0,0.2,7432898,287,238552,0.0,
09:20:19,43.9,2.3,0.0,0.0,7432898,287,238552,0.0,
09:20:24,42.6,1.6,0.0,0.1,7432898,287,238552,0.0,
09:20:29,46.1,1.6,0.0,0.0,7432898,287,238552,0.0,
09:20:34,44.8,1.9,0.0,0.2,7432898,287,238552,0.0,
09:20:39,42.6,2.2,0.0,0.2,7432898,287,238552,0.0,
09:20:44,89.1,2.9,0.0,0.0,7432898,287,238552,0.0,svchost:2
09:20:49,56.6,3.0,0.0,0.2,7432898,287,238552,0.0,
09:20:55,44.3,1.4,0.0,0.0,7432898,287,238552,0.0,
09:21:00,44.2,2.4,0.0,0.2,7432898,287,238552,0.0,
09:21:05,42.9,1.6,0.0,0.2,7432898,287,238552,0.0,
09:21:10,42.1,2.2,0.0,0.0,7432898,287,238552,0.0,
09:21:15,44.3,1.9,0.0,0.2,7432898,287,238552,0.0,
09:21:20,43.8,1.7,0.0,0.0,7432898,287,238552,0.0,
09:21:25,43.8,1.6,0.0,0.0,7432898,287,238552,0.0,
09:21:30,43.4,1.8,0.0,0.0,7432898,287,238552,0.0,
09:21:35,128.9,19.0,0.0,0.0,7432900,287,238554,0.0,msmpeng:1
09:21:40,131.0,44.7,42.5,0.4,7432920,287,238554,0.0,
09:21:45,125.2,21.0,17.3,0.0,7432926,287,238555,0.4,
09:21:50,51.0,2.4,0.2,0.1,7432928,287,238555,0.2,
09:21:55,47.6,1.4,0.0,0.0,7432930,287,238555,0.0,
09:22:01,44.8,2.0,0.0,0.1,7432930,287,238555,0.2,
09:22:06,132.0,28.7,22.2,4.1,7433030,288,238555,0.0,
09:22:11,130.6,16.9,10.6,3.9,7433030,288,238555,0.0,
09:22:16,128.6,15.0,9.3,3.8,7433030,288,238555,0.0,
09:22:21,127.1,15.0,10.1,2.9,7433030,288,238555,0.0,
09:22:26,117.7,10.3,4.6,3.0,7433030,288,238555,0.0,
09:22:31,123.7,12.6,7.3,3.5,7433030,288,238555,0.0,
09:22:36,120.9,11.7,5.4,4.5,7433030,288,238555,0.0,
09:22:41,116.1,9.0,4.1,3.0,7433030,288,238555,0.0,
09:22:46,113.7,9.5,3.5,3.9,7433030,288,238555,0.0,
09:22:51,115.3,10.3,4.1,3.6,7433030,288,238555,0.0,
09:22:56,114.1,8.3,3.5,3.0,7433130,288,238555,0.0,
09:23:01,112.6,7.8,2.4,3.3,7433130,288,238555,0.0,
09:23:07,122.5,9.2,0.4,0.5,7433139,288,238659,0.0,msmpeng:2
09:23:12,51.8,1.9,0.1,0.2,7433141,288,238659,0.0,
09:23:17,48.4,1.7,0.0,0.1,7433143,288,238659,0.0,
09:23:22,57.1,1.9,0.2,0.1,7433156,288,238659,0.0,
09:23:27,119.1,96.5,57.9,32.8,7436363,288,238659,0.4,system:3
09:23:32,118.1,99.9,36.0,58.1,7441471,288,238659,0.0,system:3
09:23:38,115.2,99.3,30.5,60.7,7448375,288,238659,1.2,system:4
09:23:44,112.9,99.6,30.6,61.2,7455332,288,238659,0.4,system:4
09:23:50,111.8,99.5,29.1,62.1,7461985,288,238659,0.4,system:4
09:23:56,111.4,99.0,28.8,61.6,7469049,288,238659,1.0,system:4
09:24:02,111.6,99.4,29.1,62.2,7475950,288,238659,0.4,system:4
09:24:08,112.2,99.0,30.8,60.6,7482761,288,238659,0.6,system:3
09:24:13,113.3,98.6,28.7,62.3,7489473,288,238659,0.4,system:3
09:24:19,113.7,99.3,27.9,63.2,7496234,288,238659,0.2,system:4
09:24:25,114.4,99.8,27.5,65.2,7502994,288,238659,0.2,system:4
09:24:31,114.5,99.7,29.5,61.6,7509672,288,238659,0.4,system:4
09:24:37,114.2,99.5,27.7,64.1,7516359,288,238659,0.4,system:3
09:24:42,113.6,99.8,29.4,62.5,7523256,288,238659,0.4,system:4
09:24:48,113.5,99.3,29.8,60.4,7529928,288,238659,0.4,system:4
09:24:54,112.7,99.5,28.5,62.5,7536847,288,238659,0.2,system:4
09:25:00,113.6,99.7,30.0,62.5,7543647,288,238659,1.0,system:4
09:25:05,114.1,99.8,29.8,62.2,7550290,288,238659,0.2,system:4
09:25:11,113.7,99.3,30.7,60.9,7557033,288,238659,1.0,system:4
09:25:17,113.4,99.7,29.8,62.1,7563807,288,238659,0.4,system:4
09:25:23,113.2,99.7,28.5,63.7,7570701,288,238659,1.0,system:4
09:25:29,113.7,99.7,28.6,63.4,7577299,288,238659,1.2,system:4
09:25:34,113.3,99.5,31.0,61.0,7583780,288,238659,0.4,system:4
09:25:40,113.6,99.5,29.3,60.9,7590543,288,238659,1.2,system:4
09:25:46,113.6,99.3,30.8,60.7,7597246,288,238659,0.2,system:4
09:25:52,113.0,98.5,27.9,62.7,7604059,288,238659,0.8,system:4
09:25:57,113.4,99.9,29.7,63.2,7610714,288,238659,0.6,system:4
09:26:03,113.4,98.8,29.0,60.9,7617244,288,238659,0.4,system:4
09:26:09,112.6,99.5,28.8,63.6,7624151,288,238659,0.6,system:4
09:26:15,113.5,99.7,27.9,63.5,7630715,288,238659,0.4,system:4
09:26:21,113.6,99.7,29.1,61.7,7637491,288,238659,0.2,system:4
09:26:26,113.3,99.3,28.9,62.4,7644376,288,238659,0.4,system:4
09:26:32,113.2,99.3,26.1,65.7,7650906,288,238659,0.4,system:4
09:26:38,112.5,99.8,29.9,62.4,7657657,288,238659,0.4,system:4
09:26:44,112.3,99.3,30.2,61.0,7664370,288,238659,0.8,system:4
09:26:50,111.2,98.9,26.9,63.3,7671136,288,238659,1.2,system:4
09:26:55,111.3,99.3,29.7,61.4,7677929,288,238659,0.4,system:4
09:27:01,111.6,99.7,28.5,62.7,7684877,288,238659,0.6,system:5
09:27:07,111.6,99.6,31.1,60.6,7691447,288,238659,0.6,system:4
09:27:13,110.8,99.9,28.2,63.0,7698147,288,238659,0.2,system:4
09:27:19,110.6,99.6,28.2,62.7,7704627,288,238659,0.4,system:4
09:27:24,109.9,99.7,27.7,64.1,7711292,288,238659,0.6,system:4
09:27:30,109.7,99.8,29.3,62.5,7717614,288,238659,0.6,system:4
09:27:36,110.4,98.1,28.8,61.9,7723989,288,238659,0.6,system:3
09:27:41,109.7,99.7,30.6,60.6,7730431,288,238659,0.8,system:4
09:27:47,110.4,99.3,28.4,63.2,7737117,288,238659,0.2,system:4
09:27:53,110.6,99.5,28.8,61.9,7743648,288,238659,0.4,system:4
09:27:59,111.3,99.7,28.6,63.6,7750099,288,238659,0.2,system:4
09:28:05,110.8,99.7,28.6,62.3,7756730,288,238659,0.6,system:5
09:28:10,111.3,99.5,27.4,63.6,7763139,288,238659,0.0,system:4
09:28:16,110.8,99.7,28.0,63.4,7769605,288,238659,0.2,system:4
09:28:22,111.2,99.8,29.6,62.1,7776278,288,238659,0.2,system:4
09:28:27,110.3,99.5,28.9,62.2,7782933,288,238659,0.8,system:4
09:28:33,110.5,99.2,27.6,63.6,7789396,288,238659,0.2,system:4
09:28:39,110.2,99.8,29.2,61.6,7795962,288,238659,1.0,system:5
09:28:45,110.2,99.4,29.9,61.5,7802574,288,238659,0.4,system:4
09:28:51,110.1,99.6,29.2,62.6,7809119,288,238659,0.6,system:4
09:28:56,110.1,99.5,31.5,60.2,7815592,288,238659,0.4,system:3
09:29:02,110.7,99.3,27.8,63.0,7822019,288,238659,0.8,system:4
09:29:08,110.7,99.2,27.0,63.4,7828727,288,238659,0.8,system:5
09:29:14,110.9,98.7,29.8,60.5,7835313,288,238659,0.8,system:4
09:29:19,111.0,99.9,30.4,61.1,7841974,288,238659,0.4,system:4
09:29:25,111.0,99.8,28.1,63.0,7848466,288,238659,0.6,system:4
09:29:31,110.6,99.9,29.8,62.0,7855001,288,238659,0.4,system:4
09:29:37,110.6,99.7,28.8,63.1,7861568,288,238659,0.6,system:5
09:29:42,109.9,99.7,29.3,62.8,7868019,288,238659,0.0,system:4
09:29:48,109.5,99.6,29.5,62.3,7874544,288,238659,0.6,system:4
09:29:54,110.0,99.1,28.9,62.7,7880903,288,238659,0.2,system:4
09:29:59,109.9,99.4,28.2,63.0,7887406,288,238659,0.8,system:4
09:30:05,110.3,99.6,28.5,63.1,7893876,288,238659,0.6,system:4
09:30:11,109.9,99.3,30.5,61.1,7900657,288,238659,0.2,system:4
09:30:17,110.6,99.2,28.7,61.9,7907277,288,238659,0.2,system:4
09:30:23,110.5,99.4,29.0,62.7,7914041,288,238659,0.6,system:4
09:30:28,110.5,99.5,27.5,63.3,7920643,288,238659,0.0,system:4
09:30:34,110.9,99.6,28.9,61.9,7927178,288,238659,0.4,system:4
09:30:40,110.7,99.5,29.7,62.7,7933746,288,238659,0.6,system:4
09:30:46,110.9,99.5,29.7,62.4,7940244,288,238659,0.4,system:4
09:30:51,110.9,98.4,26.9,63.3,7946799,288,238659,0.2,system:4
09:30:57,110.9,99.7,28.5,63.6,7953304,288,238659,0.2,system:4
09:31:03,110.8,99.5,28.0,63.5,7959720,288,238659,0.4,system:4
09:31:09,110.0,99.8,30.7,61.0,7966342,288,238659,0.2,system:4
09:31:14,110.2,99.5,28.2,63.0,7972795,288,238659,0.2,system:5
09:31:20,109.5,99.8,28.1,60.4,7978967,288,238659,0.4,searchindexer:4 system:3
09:31:26,110.1,99.7,28.2,59.5,7985139,288,238659,0.2,searchindexer:5 system:4
09:31:32,110.5,99.5,27.4,61.1,7991323,288,238659,0.0,searchindexer:4 system:4
09:31:38,110.4,99.3,27.2,61.3,7997530,288,238659,0.2,system:4 searchindexer:4
09:31:43,110.3,99.8,29.3,60.4,8003432,288,238659,1.0,searchindexer:4 system:3
09:31:49,110.7,99.5,27.1,62.3,8009660,288,238659,0.8,system:4 searchindexer:2
09:31:55,110.4,99.8,30.4,61.8,8016118,288,238659,0.2,system:4
09:32:01,110.2,99.7,28.4,63.6,8022604,288,238659,1.2,system:4
09:32:06,110.4,99.4,29.0,62.9,8029228,288,238659,0.4,system:4
09:32:12,110.2,99.8,25.5,60.0,8035174,288,238659,0.0,system:4 msmpeng:1
09:32:18,110.3,99.6,28.7,62.6,8041875,288,238659,1.0,system:4
09:32:24,110.7,99.6,30.1,62.3,8048459,288,238659,0.2,system:4
09:32:30,110.7,99.5,28.1,63.6,8055145,288,238659,0.0,system:4
09:32:36,111.1,98.6,27.7,63.3,8061546,288,238659,0.6,system:4
09:32:41,111.3,99.5,28.2,62.0,8067940,288,238659,0.0,system:5
09:32:47,110.2,99.7,28.3,62.4,8074567,288,238659,0.4,system:4 searchindexer:1
09:32:53,0.0,99.2,29.5,61.8,8081477,288,238659,1.0,system:4
09:32:59,110.7,99.5,29.7,62.4,8088218,288,238659,0.2,system:4
09:33:05,111.4,99.1,27.9,64.4,8094793,288,238659,0.2,system:3
09:33:10,110.5,99.4,28.7,62.4,8101523,288,238659,0.4,system:4
09:33:16,110.9,99.5,27.9,63.4,8108011,288,238659,0.6,system:4
09:33:22,111.1,99.6,29.9,63.4,8114588,288,238659,0.6,system:3
09:33:28,111.0,99.8,30.0,62.4,8120965,288,238659,0.8,system:3
09:33:33,110.7,99.6,27.5,64.0,8127442,288,238659,0.6,system:4
09:33:39,111.0,99.6,29.9,61.6,8133708,288,238659,0.2,system:4
09:33:45,110.9,99.3,29.3,61.6,8140207,288,238659,0.6,system:4
09:33:51,110.7,99.8,28.2,61.3,8146537,288,238659,0.2,system:4
09:33:56,111.0,99.7,27.4,64.1,8152903,288,238659,0.4,system:4
09:34:02,111.1,99.6,30.6,60.7,8159284,288,238659,0.0,system:4
09:34:08,111.4,99.7,30.7,61.8,8165796,288,238659,0.2,system:4
09:34:13,111.2,98.7,29.6,60.3,8172143,288,238659,0.2,system:4
09:34:19,110.7,99.5,26.5,63.8,8178705,288,238659,0.8,system:4
09:34:25,110.8,99.6,27.8,63.8,8185079,288,238659,0.8,system:4
09:34:31,111.3,99.3,27.0,64.0,8191694,288,238659,0.4,system:4
09:34:36,111.2,99.7,29.4,62.4,8198262,288,238659,0.0,system:4
09:34:42,110.8,99.2,28.8,62.4,8205048,288,238659,0.6,system:4
09:34:48,110.6,99.4,29.2,61.7,8211735,288,238659,0.4,system:4
09:34:54,111.0,99.3,30.8,61.1,8218232,288,238659,0.2,system:4
09:35:00,110.6,99.6,28.0,64.3,8224907,288,238659,0.4,system:4
09:35:06,110.5,99.1,29.8,61.5,8231521,288,238659,1.0,system:4
09:35:12,110.2,99.5,26.7,63.8,8238281,288,238659,1.4,system:4
09:35:18,110.4,99.1,27.8,62.8,8244792,288,238659,0.6,system:4
09:35:23,110.6,99.5,29.4,60.9,8251280,288,238659,0.0,system:4
09:35:29,111.3,99.5,28.4,62.2,8257786,288,238659,0.8,system:4
09:35:35,111.0,99.1,28.5,62.7,8264344,288,238659,0.8,system:4
09:35:41,110.5,99.7,29.8,62.5,8270817,288,238659,0.4,system:3
09:35:46,110.7,99.8,30.4,60.5,8277071,288,238659,0.8,system:4
09:35:52,110.9,99.0,29.2,60.9,8283233,288,238659,0.8,system:4 svchost:1
09:35:58,111.2,99.7,28.3,62.5,8289633,288,238659,0.8,system:4 svchost:1
09:36:03,110.9,99.6,28.6,61.7,8295975,288,238659,0.4,system:4 svchost:1
09:36:09,110.7,99.7,29.0,61.9,8302463,288,238659,0.6,system:4 svchost:1
09:36:15,110.9,99.3,28.7,62.3,8309078,288,238659,0.8,system:4
09:36:21,110.5,99.8,29.2,61.7,8315537,288,238659,0.4,system:4
09:36:26,110.6,99.0,29.1,61.7,8322238,288,238659,0.6,system:4
09:36:32,110.5,99.5,30.4,61.3,8328811,288,238659,0.6,system:4
09:36:38,110.6,99.5,29.7,61.9,8335198,288,238659,0.2,system:4
09:36:44,110.2,99.3,29.8,61.5,8341926,288,238659,0.4,system:3
09:36:49,110.4,99.5,27.4,63.9,8348296,288,238659,0.8,system:3 searchindexer:1
09:36:55,110.8,99.4,28.9,62.4,8354849,288,238659,0.2,system:4
09:37:01,110.2,99.5,28.2,62.7,8361660,288,238659,0.6,system:4
09:37:07,110.8,99.4,29.1,62.3,8368246,288,238659,0.8,system:4
09:37:13,110.8,99.7,27.9,64.2,8374796,288,238659,0.6,system:4
09:37:18,110.7,99.2,27.8,62.4,8381163,288,238659,0.8,system:4
09:37:24,110.9,99.7,29.4,62.4,8387755,288,238659,0.4,system:4
09:37:30,110.6,98.3,27.4,62.9,8394478,288,238659,0.4,system:4
09:37:36,0.0,99.4,29.4,61.2,8401090,288,238659,0.6,system:4
09:37:42,110.1,99.2,28.0,63.6,8407647,288,238659,0.4,system:4
09:37:48,110.0,99.8,29.5,62.0,8414191,288,238659,0.0,system:4
09:37:54,110.1,99.3,29.5,61.9,8420933,288,238659,0.6,system:4
09:37:59,110.5,99.1,28.5,62.4,8427576,288,238659,0.2,system:4
09:38:05,110.5,99.6,29.5,61.7,8434033,288,238659,0.2,system:4
09:38:11,110.2,99.1,28.6,62.3,8440730,288,238659,0.6,system:4
09:38:17,110.7,99.4,28.1,62.2,8447348,288,238659,0.2,system:5
09:38:23,110.4,79.2,23.8,47.7,8452762,288,238672,1.0,system:4
09:38:28,63.5,2.4,0.2,0.5,8452775,288,238672,0.0,
09:38:33,51.9,1.9,0.1,0.0,8452777,288,238672,0.0,
09:38:38,54.2,2.3,0.1,0.2,8452792,288,238672,0.0,
09:38:43,52.0,1.8,0.2,0.1,8452807,288,238672,0.0,
09:38:48,96.1,4.1,0.2,0.1,8452822,288,238672,0.0,searchindexer:2
09:38:53,58.0,2.5,0.1,0.1,8452837,288,238672,0.0,
09:38:58,109.6,6.4,0.0,0.9,8452839,288,238673,0.0,msmpeng:1
09:39:03,117.9,8.9,0.0,0.1,8452843,288,238717,0.0,msmpeng:1
